,Issue Name,URL,Name,Issue Index,Article Index,Year,Issue Number,Semester,Volume
0,"Vol 14, No 26 (2019)",http://tecciencia.ecci.edu.co/index.php/TECCIENCIA/article/view/2,Tool for Monitoring Hillslope Stability Considering Precipitation Data,27,1,2019,26,1,14
1,"Vol 14, No 26 (2019)",http://tecciencia.ecci.edu.co/index.php/TECCIENCIA/article/view/9,Operations Research: from Strategy to Meaningful Learning,27,2,2019,26,1,14
2,"Vol 14, No 26 (2019)",http://tecciencia.ecci.edu.co/index.php/TECCIENCIA/article/view/15,Methodological Proposal to Correct and Adjust a Geodesic Leveling Data,27,3,2019,26,1,14
3,"Vol 14, No 26 (2019)",http://tecciencia.ecci.edu.co/index.php/TECCIENCIA/article/view/28,Videographic Study and Objective Classification of Gait in Patients with Neurological Diseases.,27,4,2019,26,1,14
4,"Vol 14, No 26 (2019)",http://tecciencia.ecci.edu.co/index.php/TECCIENCIA/article/view/502,Green inorganic pigment production with spinel structureCoCr2O4by solution combustion synthesis,27,5,2019,26,1,14
5,"Vol 14, No 26 (2019)",http://tecciencia.ecci.edu.co/index.php/TECCIENCIA/article/view/511,Multi-Agent System Used for Recommendation of Historical and Cultural Memories,27,6,2019,26,1,14
6,"Vol 14, No 26 (2019)",http://tecciencia.ecci.edu.co/index.php/TECCIENCIA/article/view/514,Use of Biofuels in the Aeronautical Industry.  Case of the Colombian Air Force.,27,7,2019,26,1,14
7,"Vol 14, No 26 (2019)",http://tecciencia.ecci.edu.co/index.php/TECCIENCIA/article/view/497,Physical Characterization of Breast Implants Submitted to High Energy X-Rays,27,8,2019,26,1,14
8,"Vol 13, No 25 (2018)",http://tecciencia.ecci.edu.co/index.php/TECCIENCIA/article/view/1,Cyanide Degradation from Mining Effluent Using Two Reagents: Sodium Metabisulphite and the Metabisulphite Mixture with Hydrogen Peroxide,26,1,2018,25,2,13
9,"Vol 13, No 25 (2018)",http://tecciencia.ecci.edu.co/index.php/TECCIENCIA/article/view/11,Development of a perforated panel for acoustic conditioning based on Colombian guadua fiber (Guadua angustifolia Kunth),26,2,2018,25,2,13
10,"Vol 13, No 25 (2018)",http://tecciencia.ecci.edu.co/index.php/TECCIENCIA/article/view/19,Biodegradation of Chlorothalonil Fungicide in Coastal Areas of the Colombian Caribbean Suitable for Banana Crops,26,3,2018,25,2,13
11,"Vol 13, No 25 (2018)",http://tecciencia.ecci.edu.co/index.php/TECCIENCIA/article/view/29,Comparison of ATCOR Atmospheric and ELM Linear Empirical Correction Models Applied to WorldView-2 Images,26,4,2018,25,2,13
12,"Vol 13, No 25 (2018)",http://tecciencia.ecci.edu.co/index.php/TECCIENCIA/article/view/39,Programming of Job Shop Production Systems with Fuzzy Logic,26,5,2018,25,2,13
13,"Vol 13, No 25 (2018)",http://tecciencia.ecci.edu.co/index.php/TECCIENCIA/article/view/47,Pulse width Prediction Control Technique Applied to a Half-Bridge Boost,26,6,2018,25,2,13
14,"Vol 13, No 25 (2018)",http://tecciencia.ecci.edu.co/index.php/TECCIENCIA/article/view/55,Hydrogen Production and Purification by Bioethanol Steam Reforming and Preferential Oxidation of CO,26,7,2018,25,2,13
15,"Vol 13, No 25 (2018)",http://tecciencia.ecci.edu.co/index.php/TECCIENCIA/article/view/468,"Comparative Analysis of the Weibull Model and Observed Wind Data in the City of Floridablanca, Colombia.",26,8,2018,25,2,13
16,"Vol 13, No 24 (2018)",http://tecciencia.ecci.edu.co/index.php/TECCIENCIA/article/view/448,"Corporate Carbon Footprint of a palm oil mill, a Case Study in Colombia",25,1,2018,24,1,13
17,"Vol 13, No 24 (2018)",http://tecciencia.ecci.edu.co/index.php/TECCIENCIA/article/view/450,Analysis of Anisotropy in the Hubble Flow,25,2,2018,24,1,13
18,"Vol 13, No 24 (2018)",http://tecciencia.ecci.edu.co/index.php/TECCIENCIA/article/view/426,Experimental data and new binary interaction parameters for ethanol-water VLE at low pressures using NRTL and UNIQUAC,25,3,2018,24,1,13
19,"Vol 13, No 24 (2018)",http://tecciencia.ecci.edu.co/index.php/TECCIENCIA/article/view/381,Renewable Insulation materials constructed from Colombian materials according to the principles of Sustainable Development: a review of possibilities,25,4,2018,24,1,13
20,"Vol 13, No 24 (2018)",http://tecciencia.ecci.edu.co/index.php/TECCIENCIA/article/view/433,ANTICORROSIVE PROPERTIES OF CHROMIUM COATINGS ON AISI H13 STEEL BY GASEOUS NITRIDING IN VACUUM,25,5,2018,24,1,13
21,"Vol 13, No 24 (2018)",http://tecciencia.ecci.edu.co/index.php/TECCIENCIA/article/view/429,Bifurcation in the tidal streams of Sagittarius: Numerical Simulations,25,6,2018,24,1,13
22,"Vol 13, No 24 (2018)",http://tecciencia.ecci.edu.co/index.php/TECCIENCIA/article/view/460,"Technical and Economic Evaluation of a Small-Scale Wind Power System Located in Berlin, Colombia.",25,7,2018,24,1,13
23,"Vol 13, No 24 (2018)",http://tecciencia.ecci.edu.co/index.php/TECCIENCIA/article/view/249,Characterizing the Mechanical Properties of Steel AISI-SAE 4140 to Apply a Plasma Nitriding Process,25,8,2018,24,1,13
24,"Vol 13, No 24 (2018)",http://tecciencia.ecci.edu.co/index.php/TECCIENCIA/article/view/373,Effect of Climate Change on Rainfall in the Upper Basin of Chicamocha River in 1980-2012,25,9,2018,24,1,13
25,"Vol 12, No 23 (2017)",http://tecciencia.ecci.edu.co/index.php/TECCIENCIA/article/view/365,Evaluation of the Microlocal Wind Power Potential  for the Operation of a University Wind Turbine,24,1,2017,23,2,12
26,"Vol 12, No 23 (2017)",http://tecciencia.ecci.edu.co/index.php/TECCIENCIA/article/view/355,Shielding Calculation for Nuclear Medicine Services,24,2,2017,23,2,12
27,"Vol 12, No 23 (2017)",http://tecciencia.ecci.edu.co/index.php/TECCIENCIA/article/view/343,"Comparison between fuzzy, neuro-fuzzy and neural network models to estimate the expansion of coffee berry borer in colombian coffee crops",24,3,2017,23,2,12
28,"Vol 12, No 23 (2017)",http://tecciencia.ecci.edu.co/index.php/TECCIENCIA/article/view/416,Comparative Analysis between a Discrete Spiral Chamber and a Continuous Spiral Chamber via ANSYS,24,4,2017,23,2,12
29,"Vol 12, No 23 (2017)",http://tecciencia.ecci.edu.co/index.php/TECCIENCIA/article/view/425,Tuning up Fuzzy Inference Systems by using optimization algorithms for the classification of solar flares,24,5,2017,23,2,12
30,"Vol 12, No 23 (2017)",http://tecciencia.ecci.edu.co/index.php/TECCIENCIA/article/view/423,Acquisition of the Minor Planet Center code for the Astronomical Observatory of the Technological University of Pereira (W63),24,6,2017,23,2,12
31,"Vol 12, No 23 (2017)",http://tecciencia.ecci.edu.co/index.php/TECCIENCIA/article/view/418,Effects of incorporation of additives in the mechanical properties of films of linear low-density polyethylene,24,7,2017,23,2,12
32,"Vol 12, No 23 (2017)",http://tecciencia.ecci.edu.co/index.php/TECCIENCIA/article/view/370,Development of automation and control system for the freezing of bovine semen,24,8,2017,23,2,12
33,"Vol 12, No 23 (2017)",http://tecciencia.ecci.edu.co/index.php/TECCIENCIA/article/view/327,Technical comparison of alternatives for voltage sag mitigation in distribution systems,24,9,2017,23,2,12
34,"Vol 12, No 23 (2017)",http://tecciencia.ecci.edu.co/index.php/TECCIENCIA/article/view/367,Biomass densification: A review of the market and recent R&D trends,24,10,2017,23,2,12
35,"Vol 12, No 23 (2017)",http://tecciencia.ecci.edu.co/index.php/TECCIENCIA/article/view/251,Construction Methods Comparison of Stress Concentrators Curves for Different Geometries of Machine Elements,24,11,2017,23,2,12
36,"Vol 12, No 22 (2017)",http://tecciencia.ecci.edu.co/index.php/TECCIENCIA/article/view/219,Personality Profile of a Group of Cyto-Histotechnology Students,23,1,2017,22,1,12
37,"Vol 12, No 22 (2017)",http://tecciencia.ecci.edu.co/index.php/TECCIENCIA/article/view/252,"Design, Development, and evaluation of a laboratory-Scale Phytoremediation System Using Eichhornia Crassipes  for the Treatment  of Chromium- Contaminated Waters",23,2,2017,22,1,12
38,"Vol 12, No 22 (2017)",http://tecciencia.ecci.edu.co/index.php/TECCIENCIA/article/view/292,Simulation Analysis of a Coanda-Effect Ejector Using CFD,23,3,2017,22,1,12
39,"Vol 12, No 22 (2017)",http://tecciencia.ecci.edu.co/index.php/TECCIENCIA/article/view/312,Sizing and Study of the Energy Production of a Grid-Tied Photovoltaic  System  Using PV syst Software,23,4,2017,22,1,12
40,"Vol 12, No 22 (2017)",http://tecciencia.ecci.edu.co/index.php/TECCIENCIA/article/view/320,A review of Sentiment Analysis in Spanish,23,5,2017,22,1,12
41,"Vol 12, No 22 (2017)",http://tecciencia.ecci.edu.co/index.php/TECCIENCIA/article/view/332,Kernel Methods for Improving Text Search Engines Transductive Inference by Using Support Vector Machines,23,6,2017,22,1,12
42,"Vol 12, No 22 (2017)",http://tecciencia.ecci.edu.co/index.php/TECCIENCIA/article/view/336,Experimental Evaluation of a Single Slope Solar Still,23,7,2017,22,1,12
43,"Vol 12, No 22 (2017)",http://tecciencia.ecci.edu.co/index.php/TECCIENCIA/article/view/173,"Performance Analysis at Link Level, for the Next Generation 802.11 N Wi-Fi Channel",23,8,2017,22,1,12
44,"Vol 12, No 22 (2017)",http://tecciencia.ecci.edu.co/index.php/TECCIENCIA/article/view/369,LMI Control Design of a Non-Inverting Buck-Boost: Converter: a Current Regulation Approach,23,9,2017,22,1,12
45,"Vol 12, No 22 (2017)",http://tecciencia.ecci.edu.co/index.php/TECCIENCIA/article/view/259,Low-Cost Electronic Opening Control Valve,23,10,2017,22,1,12
46,"Vol 12, No 22 (2017)",http://tecciencia.ecci.edu.co/index.php/TECCIENCIA/article/view/339,"Development of a Low-Cost, Short-Range Radar System to Measure Speed and Distance",23,11,2017,22,1,12
47,"Vol 11, No 21 (2016)",http://tecciencia.ecci.edu.co/index.php/TECCIENCIA/article/view/421,Machining With Cutting Tool Coated With Monolayer of HfN,22,1,2016,21,2,11
48,"Vol 11, No 21 (2016)",http://tecciencia.ecci.edu.co/index.php/TECCIENCIA/article/view/350,Implementation of series resonant inverter to improve efficiency fluorescent lamps,22,2,2016,21,2,11
49,"Vol 11, No 21 (2016)",http://tecciencia.ecci.edu.co/index.php/TECCIENCIA/article/view/422,Astronomía al Aire: Mass Media Convergence in Astronomy and Astrophysics,22,3,2016,21,2,11
50,"Vol 11, No 21 (2016)",http://tecciencia.ecci.edu.co/index.php/TECCIENCIA/article/view/242,Estimation of electric energy required by electric vehicles based on travelled distances in a residential zone,22,4,2016,21,2,11
51,"Vol 11, No 21 (2016)",http://tecciencia.ecci.edu.co/index.php/TECCIENCIA/article/view/328,Measurement of Social Capital through Data Mining Techniques at Universidad ECCI,22,5,2016,21,2,11
52,"Vol 11, No 21 (2016)",http://tecciencia.ecci.edu.co/index.php/TECCIENCIA/article/view/290,Origin of the Milky Way disk of satellites: collision of two disk galaxies,22,6,2016,21,2,11
53,"Vol 11, No 21 (2016)",http://tecciencia.ecci.edu.co/index.php/TECCIENCIA/article/view/226,Analysis through dynamic temporal sequence alignment in SpO2 signals,22,7,2016,21,2,11
54,"Vol 11, No 21 (2016)",http://tecciencia.ecci.edu.co/index.php/TECCIENCIA/article/view/351,Biosolids and biosolid ashes as inputs for producing construction materials such as bricks-like Construction Materials,22,8,2016,21,2,11
55,"Vol 11, No 21 (2016)",http://tecciencia.ecci.edu.co/index.php/TECCIENCIA/article/view/356,"Preliminary analysis of wind power in 4 Colombian cities, and utilization estimates with urban wind turbines",22,9,2016,21,2,11
56,"Vol 11, No 21 (2016)",http://tecciencia.ecci.edu.co/index.php/TECCIENCIA/article/view/352,Measurement of Complex Dielectric Permittivity in Oils from High-Voltage Transformers Using a Coaxial Probe,22,10,2016,21,2,11
57,"Vol 11, No 21 (2016)",http://tecciencia.ecci.edu.co/index.php/TECCIENCIA/article/view/323,Using Scenedesmus sp. for the Phycoremediation of Tannery Wastewater,22,11,2016,21,2,11
58,"Vol 11, No 20 (2016)",http://tecciencia.ecci.edu.co/index.php/TECCIENCIA/article/view/298,Influence of a plasma swirl motion on fine magnetic concentrations in  the solar photosphere,20,1,2016,20,1,11
59,"Vol 11, No 20 (2016)",http://tecciencia.ecci.edu.co/index.php/TECCIENCIA/article/view/330,Design and construction of a equipment for micro-abrasion-corrosion testing in simulated biological  enviromments,20,2,2016,20,1,11
60,"Vol 11, No 20 (2016)",http://tecciencia.ecci.edu.co/index.php/TECCIENCIA/article/view/236,Triad of the Articulation Model of  Integrated Management Systems [TMA-HSEQ],20,3,2016,20,1,11
61,"Vol 11, No 20 (2016)",http://tecciencia.ecci.edu.co/index.php/TECCIENCIA/article/view/307,Incidence of Corrosion on Electric Power Losses in ACSR Cables,20,4,2016,20,1,11
62,"Vol 11, No 20 (2016)",http://tecciencia.ecci.edu.co/index.php/TECCIENCIA/article/view/296,Time and spectral study of the internal structure  of long GRBs with z close to 1,20,5,2016,20,1,11
63,"Vol 11, No 20 (2016)",http://tecciencia.ecci.edu.co/index.php/TECCIENCIA/article/view/293,Development of a Magnetic Loop Antenna for the Detection of Jovian Radiowaves at 20.1 MHz,20,6,2016,20,1,11
64,"Vol 11, No 20 (2016)",http://tecciencia.ecci.edu.co/index.php/TECCIENCIA/article/view/246,Comparative analysis between SOM Networks and Bayesian Networks applied to structural failure detection,20,7,2016,20,1,11
65,"Vol 11, No 20 (2016)",http://tecciencia.ecci.edu.co/index.php/TECCIENCIA/article/view/304,Thermodynamic Analysis of Self-Ignition in Spark-Ignited Engines Operated with Alternative Gaseous Fuels,20,8,2016,20,1,11
66,"Vol 11, No 20 (2016)",http://tecciencia.ecci.edu.co/index.php/TECCIENCIA/article/view/295,Distribution of mass of the protoplanetary disk HL Tau,20,9,2016,20,1,11
67,"Vol 11, No 20 (2016)",http://tecciencia.ecci.edu.co/index.php/TECCIENCIA/article/view/238,Non-Traditional Flow Shop Scheduling Using CSP,20,10,2016,20,1,11
68,"Vol 10, No 19 (2015)",http://tecciencia.ecci.edu.co/index.php/TECCIENCIA/article/view/285,Cover page No 19,19,1,2015,19,2,10
69,"Vol 10, No 19 (2015)",http://tecciencia.ecci.edu.co/index.php/TECCIENCIA/article/view/278,Editorial pages No 19,19,2,2015,19,2,10
70,"Vol 10, No 19 (2015)",http://tecciencia.ecci.edu.co/index.php/TECCIENCIA/article/view/163,Color prediction in ceramic enamels using the Kubelka Munk Model,19,3,2015,19,2,10
71,"Vol 10, No 19 (2015)",http://tecciencia.ecci.edu.co/index.php/TECCIENCIA/article/view/186,Compressive Sensing hardware in 1D signals,19,4,2015,19,2,10
72,"Vol 10, No 19 (2015)",http://tecciencia.ecci.edu.co/index.php/TECCIENCIA/article/view/174,Phoneme Recognition System Using Articulatory-Type Information,19,5,2015,19,2,10
73,"Vol 10, No 19 (2015)",http://tecciencia.ecci.edu.co/index.php/TECCIENCIA/article/view/207,Swimming Pool heating systems: A review of applied models,19,6,2015,19,2,10
74,"Vol 10, No 19 (2015)",http://tecciencia.ecci.edu.co/index.php/TECCIENCIA/article/view/179,Determination of the probability and rate of corrosion on reinforced concrete specimens through a remote corrosion monitoring system,19,7,2015,19,2,10
75,"Vol 10, No 19 (2015)",http://tecciencia.ecci.edu.co/index.php/TECCIENCIA/article/view/224,Images compression process in the radiological service unit as an infrastructure component in the colombian health model.,19,8,2015,19,2,10
76,"Vol 10, No 19 (2015)",http://tecciencia.ecci.edu.co/index.php/TECCIENCIA/article/view/168,Acoustic Tracking System for Autonomous Robots based on TDE and Signal Intensity,19,9,2015,19,2,10
77,"Vol 10, No 19 (2015)",http://tecciencia.ecci.edu.co/index.php/TECCIENCIA/article/view/209,Comparison and validation of turbulence models in the numerical study of heat exchangers,19,10,2015,19,2,10
78,"Vol 10, No 19 (2015)",http://tecciencia.ecci.edu.co/index.php/TECCIENCIA/article/view/253,Incidence of using chicken fat based biodiesel on the performance of a 13.5 kWe compression ignition piston engine for power generation,19,11,2015,19,2,10
79,"Vol 10, No 19 (2015)",http://tecciencia.ecci.edu.co/index.php/TECCIENCIA/article/view/213,Hand recognition using depth cameras,19,12,2015,19,2,10
80,"Vol 10, No 18 (2015)",http://tecciencia.ecci.edu.co/index.php/TECCIENCIA/article/view/194,Editorial pages No 18,18,1,2015,18,1,10
81,"Vol 10, No 18 (2015)",http://tecciencia.ecci.edu.co/index.php/TECCIENCIA/article/view/92,Hybrid model of the spread of Toxoplasmosis between two Town of Colombia,18,2,2015,18,1,10
82,"Vol 10, No 18 (2015)",http://tecciencia.ecci.edu.co/index.php/TECCIENCIA/article/view/170,Controller optimization for a solar tracking system using differential evolution,18,3,2015,18,1,10
83,"Vol 10, No 18 (2015)",http://tecciencia.ecci.edu.co/index.php/TECCIENCIA/article/view/171,PSoC-based embedded system for the acquisition of EMG signals with  Android mobile device display,18,4,2015,18,1,10
84,"Vol 10, No 18 (2015)",http://tecciencia.ecci.edu.co/index.php/TECCIENCIA/article/view/152,Grafting telinne monspessulana fiber with vinyl-trimethoxysilane. Effect of dicumyl peroxide catalyst,18,5,2015,18,1,10
85,"Vol 10, No 18 (2015)",http://tecciencia.ecci.edu.co/index.php/TECCIENCIA/article/view/192,Technical efficiency measurement of the teaching function in the undergraduate attendance programs at Universidad Militar Nueva Granada,18,6,2015,18,1,10
86,"Vol 10, No 18 (2015)",http://tecciencia.ecci.edu.co/index.php/TECCIENCIA/article/view/176,Development board based on the TMS320F28335 DSP  for applications of power electronics,18,7,2015,18,1,10
87,"Vol 9, No 17 (2014)",http://tecciencia.ecci.edu.co/index.php/TECCIENCIA/article/view/193,Editorial pages No 17,16,1,2014,17,2,9
88,"Vol 9, No 17 (2014)",http://tecciencia.ecci.edu.co/index.php/TECCIENCIA/article/view/130,Relationship of blood pressure with the electrical signal of the heart using signal processing,16,2,2014,17,2,9
89,"Vol 9, No 17 (2014)",http://tecciencia.ecci.edu.co/index.php/TECCIENCIA/article/view/131,Evolution of physico-mathematical models in radiobiology and their application in ionizing radiation therapies,16,3,2014,17,2,9
90,"Vol 9, No 17 (2014)",http://tecciencia.ecci.edu.co/index.php/TECCIENCIA/article/view/132,An estimation of the effective dosefor the internal contamination of workers occupationally exposed to open sources of 131I in thyroid treatments,16,4,2014,17,2,9
91,"Vol 9, No 17 (2014)",http://tecciencia.ecci.edu.co/index.php/TECCIENCIA/article/view/133,Gis model of analysis to promote tourism through the use of a web application,16,5,2014,17,2,9
92,"Vol 9, No 17 (2014)",http://tecciencia.ecci.edu.co/index.php/TECCIENCIA/article/view/134,Speech pattern recognition for forensic acoustic purposes,16,6,2014,17,2,9
93,"Vol 9, No 17 (2014)",http://tecciencia.ecci.edu.co/index.php/TECCIENCIA/article/view/135,Evaluation of a hybrid system of renewable electricity generation for a remote area of Colombia using homer software,16,7,2014,17,2,9
94,"Vol 9, No 17 (2014)",http://tecciencia.ecci.edu.co/index.php/TECCIENCIA/article/view/136,Handoff process simulation by network simulator 2 in mobile telematic networks with IPv6,16,8,2014,17,2,9
95,"Vol 9, No 17 (2014)",http://tecciencia.ecci.edu.co/index.php/TECCIENCIA/article/view/137,Design of a sound pressure level acquisition and analysis system,16,9,2014,17,2,9
96,"Vol 9, No 17 (2014)",http://tecciencia.ecci.edu.co/index.php/TECCIENCIA/article/view/138,"Functional Prototype of a Web Information System to Assist Planning Software Projects, Based on CMMI-DEV 1.2",16,10,2014,17,2,9
97,"Vol 9, No 17 (2014)",http://tecciencia.ecci.edu.co/index.php/TECCIENCIA/article/view/139,Effects of a high intensity laser in the binding energy of a donor impurity D^0,16,11,2014,17,2,9
98,Vol 9 (2014),http://tecciencia.ecci.edu.co/index.php/TECCIENCIA/article/view/144,Perspectivas de un modelo de educación inclusiva para sordos a nivel superior,17,1,2014,9,2,5
99,Vol 9 (2014),http://tecciencia.ecci.edu.co/index.php/TECCIENCIA/article/view/145,Herramienta de ubicación espacial para la comunidad de la universidad escuela Colombiana de carrereas industriales en el marco del proyecto de inclusión,17,2,2014,9,2,5
100,Vol 9 (2014),http://tecciencia.ecci.edu.co/index.php/TECCIENCIA/article/view/146,Medios de acceso y comunicación para personas sordas en la universidad universidad ecci - uniecci,17,3,2014,9,2,5
101,Vol 9 (2014),http://tecciencia.ecci.edu.co/index.php/TECCIENCIA/article/view/147,Propuesta metodológica para ajustes razonables curriculares en la enseñanza de la persona en educación superior,17,4,2014,9,2,5
102,Vol 9 (2014),http://tecciencia.ecci.edu.co/index.php/TECCIENCIA/article/view/149,Cultura lingüística institucional para inclusión a la educación superior de la población sorda,17,5,2014,9,2,5
103,"Vol 9, No 16 (2014)",http://tecciencia.ecci.edu.co/index.php/TECCIENCIA/article/view/276,Techniques for alarm management with fault diagnostic system  in startups and shutdowns for industrial processes,15,1,2014,16,1,9
104,"Vol 9, No 16 (2014)",http://tecciencia.ecci.edu.co/index.php/TECCIENCIA/article/view/120,Identification of eight bird species of bogota wetlands using pattern recognition and component analysis,15,2,2014,16,1,9
105,"Vol 9, No 16 (2014)",http://tecciencia.ecci.edu.co/index.php/TECCIENCIA/article/view/121,Design and development of transcutaneous electrical stimulation equipment for neuromuscular rehabilitation in individuals with facial palsy,15,3,2014,16,1,9
106,"Vol 9, No 16 (2014)",http://tecciencia.ecci.edu.co/index.php/TECCIENCIA/article/view/122,Systematic review of knowledge acquisition and representation techniques,15,4,2014,16,1,9
107,"Vol 9, No 16 (2014)",http://tecciencia.ecci.edu.co/index.php/TECCIENCIA/article/view/123,Model for knowledge management in software project planning in university research groups,15,5,2014,16,1,9
108,"Vol 9, No 16 (2014)",http://tecciencia.ecci.edu.co/index.php/TECCIENCIA/article/view/124,Identification and multivariable control in state space of a permanent magnet synchronous generator,15,6,2014,16,1,9
109,"Vol 9, No 16 (2014)",http://tecciencia.ecci.edu.co/index.php/TECCIENCIA/article/view/125,Analysis of meteorological data for la selva station by applying the biotic pump theory,15,7,2014,16,1,9
110,"Vol 9, No 16 (2014)",http://tecciencia.ecci.edu.co/index.php/TECCIENCIA/article/view/126,Influence of nylon on the tensile strength of a polymer matrix composite material,15,8,2014,16,1,9
111,"Vol 9, No 16 (2014)",http://tecciencia.ecci.edu.co/index.php/TECCIENCIA/article/view/127,"Measurement of the carbon footprint in the company sistemas operativos móviles, transmilenio",15,9,2014,16,1,9
112,"Vol 8, No 15 (2013)",http://tecciencia.ecci.edu.co/index.php/TECCIENCIA/article/view/185,Editorial pages No 15,12,1,2013,15,2,8
113,"Vol 8, No 15 (2013)",http://tecciencia.ecci.edu.co/index.php/TECCIENCIA/article/view/89,Automatic quantification of the degree of flexion on upper extremity through analysis of monocular video,12,2,2013,15,2,8
114,"Vol 8, No 15 (2013)",http://tecciencia.ecci.edu.co/index.php/TECCIENCIA/article/view/90,Application of ultrasound in medicine part ii: the ultrasonic transducer and its associated electronics,12,3,2013,15,2,8
115,"Vol 8, No 15 (2013)",http://tecciencia.ecci.edu.co/index.php/TECCIENCIA/article/view/91,Comparison of thermal solar collector technologies and their applications,12,4,2013,15,2,8
116,"Vol 8, No 15 (2013)",http://tecciencia.ecci.edu.co/index.php/TECCIENCIA/article/view/110,"Modeling, analysis, and control of a rectifier with power factor correction in half-bridge configuration",12,5,2013,15,2,8
117,"Vol 8, No 15 (2013)",http://tecciencia.ecci.edu.co/index.php/TECCIENCIA/article/view/111,Efficient preparation of orders in a distributor coffee company using tabu search,12,6,2013,15,2,8
118,"Vol 8, No 15 (2013)",http://tecciencia.ecci.edu.co/index.php/TECCIENCIA/article/view/112,Research panorama on the second green revolution in the world and Colombia,12,7,2013,15,2,8
119,"Vol 8, No 15 (2013)",http://tecciencia.ecci.edu.co/index.php/TECCIENCIA/article/view/113,Evaluation of the performance of techniques to transmit ipv6 data through ipv4 networks,12,8,2013,15,2,8
120,"Vol 8, No 15 (2013)",http://tecciencia.ecci.edu.co/index.php/TECCIENCIA/article/view/114,"Generation of a mobility device for disabled people drive, using the method of quality function",12,9,2013,15,2,8
121,"Vol 8, No 15 (2013)",http://tecciencia.ecci.edu.co/index.php/TECCIENCIA/article/view/115,System and software development to measure cylindrical pipes based on acoustic reflectometry,12,10,2013,15,2,8
122,"Vol 8, No 15 (2013)",http://tecciencia.ecci.edu.co/index.php/TECCIENCIA/article/view/184,"Monitoring, management and topological display device using wireless network managed clients",12,11,2013,15,2,8
123,"Vol 7, No 14 (2013)",http://tecciencia.ecci.edu.co/index.php/TECCIENCIA/article/view/182,Editorial pages No 14,6,1,2013,14,1,8
124,"Vol 7, No 14 (2013)",http://tecciencia.ecci.edu.co/index.php/TECCIENCIA/article/view/20,ECG signal analysis using temporary dynamic sequence alignment,6,2,2013,14,1,8
125,"Vol 7, No 14 (2013)",http://tecciencia.ecci.edu.co/index.php/TECCIENCIA/article/view/25,Design and construction of a solar collector parabolic dish for rural zones in Colombia,6,3,2013,14,1,8
126,"Vol 7, No 14 (2013)",http://tecciencia.ecci.edu.co/index.php/TECCIENCIA/article/view/26,Braking mechanism for the rcar protocol in vehicle crash-test trials,6,4,2013,14,1,8
127,"Vol 7, No 14 (2013)",http://tecciencia.ecci.edu.co/index.php/TECCIENCIA/article/view/27,Geographic web services and tools as instruments for territorial management,6,5,2013,14,1,8
128,"Vol 7, No 14 (2013)",http://tecciencia.ecci.edu.co/index.php/TECCIENCIA/article/view/28,Iptv: next-generation network technologies and protocols,6,6,2013,14,1,8
129,"Vol 7, No 14 (2013)",http://tecciencia.ecci.edu.co/index.php/TECCIENCIA/article/view/29,Simulation of the ofdm technique for the transmission of digital radio,6,7,2013,14,1,8
130,"Vol 7, No 14 (2013)",http://tecciencia.ecci.edu.co/index.php/TECCIENCIA/article/view/30,Comparison of the behavior of biofuel based on castor and sunflower oils,6,8,2013,14,1,8
131,"Vol 7, No 14 (2013)",http://tecciencia.ecci.edu.co/index.php/TECCIENCIA/article/view/33,Touch interface analysis for virtual reality,6,9,2013,14,1,8
132,"Vol 7, No 14 (2013)",http://tecciencia.ecci.edu.co/index.php/TECCIENCIA/article/view/37,Performance assessment of diffserv and intserv services in qos on an academic network using ns2,6,10,2013,14,1,8
133,"Vol 7, No 14 (2013)",http://tecciencia.ecci.edu.co/index.php/TECCIENCIA/article/view/34,Ultrasound applications to medicine part i: physical principles.,6,11,2013,14,1,8
134,"Vol 7, No 13 (2012)",http://tecciencia.ecci.edu.co/index.php/TECCIENCIA/article/view/64,Development and Application of a Methodology for Selection of Technological products suppliers,7,1,2012,13,2,7
135,"Vol 7, No 13 (2012)",http://tecciencia.ecci.edu.co/index.php/TECCIENCIA/article/view/65,Panorama Preliminar para la Construcción de una Planta de Energía Geotérmica en el Macizo Volcánico del Ruiz,7,2,2012,13,2,7
136,"Vol 7, No 13 (2012)",http://tecciencia.ecci.edu.co/index.php/TECCIENCIA/article/view/66,Espectro Energético de un Electrón en Doble Nanohilo Coaxial NAN-OWIRES,7,3,2012,13,2,7
137,"Vol 7, No 13 (2012)",http://tecciencia.ecci.edu.co/index.php/TECCIENCIA/article/view/67,Desarrollo de un Sistema de Control por Computador para Transporte Vertical,7,4,2012,13,2,7
138,"Vol 7, No 13 (2012)",http://tecciencia.ecci.edu.co/index.php/TECCIENCIA/article/view/68,Diseño de Prensa Hidráulica para Proceso de Brochado,7,5,2012,13,2,7
139,"Vol 7, No 13 (2012)",http://tecciencia.ecci.edu.co/index.php/TECCIENCIA/article/view/69,Creacion de Laboratorios Virtuales de Electromagnetismo Utilizando grid computing,7,6,2012,13,2,7
140,"Vol 7, No 13 (2012)",http://tecciencia.ecci.edu.co/index.php/TECCIENCIA/article/view/70,Modelo de Interoperabilidad para E_Learning sobre malla Computacional Utilizando Sakai,7,7,2012,13,2,7
141,"Vol 7, No 13 (2012)",http://tecciencia.ecci.edu.co/index.php/TECCIENCIA/article/view/71,Branding Emocional,7,8,2012,13,2,7
142,"Vol 7, No 13 (2012)",http://tecciencia.ecci.edu.co/index.php/TECCIENCIA/article/view/72,"Modelo Pedagógico: CCSS -Constructivista, Crítico Social, Significativo- para la Formación Integral en Educación Superior",7,9,2012,13,2,7
143,"Vol 6, No 12 (2012)",http://tecciencia.ecci.edu.co/index.php/TECCIENCIA/article/view/41,Support vector regression for tongue position inference,8,1,2012,12,1,7
144,"Vol 6, No 12 (2012)",http://tecciencia.ecci.edu.co/index.php/TECCIENCIA/article/view/42,"Experimento de recuperación de información usando las medidas de similitud coseno, jaccard y dice",8,2,2012,12,1,7
145,"Vol 6, No 12 (2012)",http://tecciencia.ecci.edu.co/index.php/TECCIENCIA/article/view/43,Dosimetría absoluta para haces de fotones de alta energía,8,3,2012,12,1,7
146,"Vol 6, No 12 (2012)",http://tecciencia.ecci.edu.co/index.php/TECCIENCIA/article/view/44,Aplicación de errores de propagación para la estimación de una función de utilidad,8,4,2012,12,1,7
147,"Vol 6, No 12 (2012)",http://tecciencia.ecci.edu.co/index.php/TECCIENCIA/article/view/45,Un análisis comparativo de la experiencia de competitividad de colombia y corea del sur,8,5,2012,12,1,7
148,"Vol 6, No 12 (2012)",http://tecciencia.ecci.edu.co/index.php/TECCIENCIA/article/view/46,Gestión y dirección de personas como estrategia competitiva,8,6,2012,12,1,7
149,"Vol 6, No 12 (2012)",http://tecciencia.ecci.edu.co/index.php/TECCIENCIA/article/view/48,Estudio de suelos y su relación con las plantas en el páramo el verjón ubicado en el municipio de choachí cundinamarca,8,7,2012,12,1,7
150,"Vol 6, No 12 (2012)",http://tecciencia.ecci.edu.co/index.php/TECCIENCIA/article/view/49,Un acercamiento a políticas de seguridad en ambientes grid dadas por autoridades certificadoras (ac),8,8,2012,12,1,7
151,"Vol 6, No 12 (2012)",http://tecciencia.ecci.edu.co/index.php/TECCIENCIA/article/view/50,"Aprovechamiento integral del glicerol residual en la industria del biodiesel: caso 1,3-propanodiol (1,3-pd)",8,9,2012,12,1,7
152,"Vol 6, No 11 (2011)",http://tecciencia.ecci.edu.co/index.php/TECCIENCIA/article/view/56,Análisis de las características de funcionamiento entre los servicios integrados y los servicios diferenciados en redes de comunicaciones,10,1,2011,11,2,6
153,"Vol 6, No 11 (2011)",http://tecciencia.ecci.edu.co/index.php/TECCIENCIA/article/view/57,Sistema de control vehicular utilizando reconocimiento óptico de caracteres,10,2,2011,11,2,6
154,"Vol 6, No 11 (2011)",http://tecciencia.ecci.edu.co/index.php/TECCIENCIA/article/view/58,Plataforma de recomendación de contenidos para libros electrónicos inteligentes basadas en el comportamiento de los usuarios.,10,3,2011,11,2,6
155,"Vol 6, No 11 (2011)",http://tecciencia.ecci.edu.co/index.php/TECCIENCIA/article/view/59,La responsabilidad social corporativa en las empresas multinacionales: ¿un aspecto normativo o un aspecto estratégico?,10,4,2011,11,2,6
156,"Vol 6, No 11 (2011)",http://tecciencia.ecci.edu.co/index.php/TECCIENCIA/article/view/60,La edafología en la planeación ambiental y el desarrollo territorial,10,5,2011,11,2,6
157,"Vol 6, No 11 (2011)",http://tecciencia.ecci.edu.co/index.php/TECCIENCIA/article/view/61,Desarrollo sostenible: nuevo reto para la academia,10,6,2011,11,2,6
158,"Vol 6, No 11 (2011)",http://tecciencia.ecci.edu.co/index.php/TECCIENCIA/article/view/62,Estudio ecológico de la vegetación en el páramo el verjón ubicado en el municipio de choachí cundinamarca,10,7,2011,11,2,6
159,"Vol 5, No 10 (2011)",http://tecciencia.ecci.edu.co/index.php/TECCIENCIA/article/view/51,Sistema de visión global para la plataforma de robot soccer basado en la segmentación de color,9,1,2011,10,1,6
160,"Vol 5, No 10 (2011)",http://tecciencia.ecci.edu.co/index.php/TECCIENCIA/article/view/63,Las organizaciones como sistemas biológicos: la metáfora política,9,2,2011,10,1,6
161,"Vol 5, No 10 (2011)",http://tecciencia.ecci.edu.co/index.php/TECCIENCIA/article/view/53,Las tecnologías de la información y la comunicación al servicio de la ciencia de la estadística,9,3,2011,10,1,6
162,"Vol 5, No 10 (2011)",http://tecciencia.ecci.edu.co/index.php/TECCIENCIA/article/view/52,Lectura de dosímetros TLD en el contexto de la protección radiológica.,9,4,2011,10,1,6
163,"Vol 5, No 10 (2011)",http://tecciencia.ecci.edu.co/index.php/TECCIENCIA/article/view/47,Reconocimiento del iris,9,5,2011,10,1,6
164,"Vol 5, No 10 (2011)",http://tecciencia.ecci.edu.co/index.php/TECCIENCIA/article/view/54,Seguridad de una casa controlada por medio de una línea telefónica alámbrica e inalámbrica,9,6,2011,10,1,6
165,"Vol 5, No 10 (2011)",http://tecciencia.ecci.edu.co/index.php/TECCIENCIA/article/view/55,El uso de un portafolio docente en la enseñanza del concepto de derivada: una experiencia de aula inspirada en la historia de la ciencia,9,7,2011,10,1,6
